Feature,Coefficient,Abs_Coefficient
W-L%_avg,0.08429825506907555,0.08429825506907555
Rush_Rushing_Succ%_adj_avg,0.07885590465914108,0.07885590465914108
total_yards_adj_avg,0.07509696274947693,0.07509696274947693
Pass_ANY/A_adj_avg,0.07185770567962131,0.07185770567962131
Pass_TD_adj_avg,0.04440318381718722,0.04440318381718722
Pts_adj_avg,0.01779628149783081,0.01779628149783081
