Feature,Coefficient,Std_Error,T_Statistic,P_Value_Bootstrap,CI_Lower_95,CI_Upper_95,Significant_95,Coefficient_Mean_Bootstrap,Coefficient_Std_Bootstrap
Pass_ANY/A,1.158541072882944,0.23878252171732253,4.85186714903052,0.0,0.675031487912539,1.6073725140574702,True,1.1540739898110468,0.23878252171732253
Pass_TD,0.5361220490792798,0.188642933005456,2.841993816242106,0.0,0.18479758670238922,0.921679522774066,True,0.5421571703410443,0.188642933005456
Rush_Rushing_Succ%,-0.26668077991128636,0.1459814221475653,-1.826813138193106,0.072,-0.5460368900896433,0.025103638913893493,False,-0.2704703199927177,0.1459814221475653
Pass_Int%,-0.050401009487949136,0.1702479519379581,-0.29604473307447665,0.788,-0.39073091539837923,0.2945781949674632,False,-0.04582286995786253,0.1702479519379581
Pass_Sk%,-0.04303689300940293,0.15232024703310074,-0.28254216919731345,0.752,-0.34735186602404305,0.251974635711126,False,-0.04212603444663657,0.15232024703310074
