Feature,Coefficient,Std_Error,T_Statistic,P_Value_Bootstrap,CI_Lower_95,CI_Upper_95,Significant_95,Coefficient_Mean_Bootstrap,Coefficient_Std_Bootstrap
Pass_ANY/A,1.158541072882944,0.2298855974965952,5.039641828366838,0.0,0.6693336176391079,1.5900674862172595,True,1.1410669781629705,0.2298855974965952
Pass_TD,0.5361220490792798,0.18229401687143426,2.940974466854765,0.0,0.18882902104237423,0.9003489467141267,True,0.5365207325586558,0.18229401687143426
Rush_Rushing_Succ%,-0.26668077991128636,0.1467873209789013,-1.8167834805679037,0.054,-0.5627149845964994,0.006955661822917086,False,-0.27201161443641453,0.1467873209789013
Pass_Int%,-0.050401009487949136,0.17940823664080227,-0.2809291838080894,0.78,-0.40364624724679204,0.29910314173993036,False,-0.056474446559579346,0.17940823664080227
Pass_Sk%,-0.04303689300940293,0.15326303401385596,-0.2808041305349085,0.778,-0.36551679552515476,0.2378072187040787,False,-0.05210738833659937,0.15326303401385596
