Feature,Coefficient,Std_Error,T_Statistic,P_Value_Bootstrap,CI_Lower_95,CI_Upper_95,Significant_95,Coefficient_Mean_Bootstrap,Coefficient_Std_Bootstrap
Pass_ANY/A_adj,1.5935867458420867,0.20793458523544722,7.663884985932698,0.0,1.193950663857417,1.9742657341354741,True,1.5863402261307433,0.20793458523544722
Rush_Rushing_Succ%_adj,-0.20230807444151258,0.14842714066980123,-1.3630126776583111,0.172,-0.49458273938383873,0.10869583278129738,False,-0.2025546218170953,0.14842714066980123
total_yards_adj,0.09176377957467799,0.21710365554121405,0.4226726599601541,0.638,-0.351300768630039,0.5164278229631982,False,0.09518140424387227,0.21710365554121405
