Performance_Year,3,4,5,6
Year 0,3.011139334824317,9.392961633560285,10.116297728497454,8.703882817990815
Year 1,44.52979507227556,28.51684869265198,21.2536956289086,17.88917823403543
Year 2,52.459065592900124,7.838195719659953,5.647052053180768,8.45419221464013
Year 3,,54.25199395412778,21.109522012114372,10.934779767583741
Year 4,,,41.873432577298814,29.508748847658662
Year 5,,,,24.50921811809123
