threshold,test_accuracy,test_precision,test_recall,test_specificity,test_f1_score,test_tp,test_fp,test_tn,test_fn,confusion_matrix_test,confusion_matrix_train
0.3,0.7252747252747253,0.7125,0.9661016949152542,0.28125,0.8201438848920863,57,23,9,2,"[[ 9 23]
 [ 2 57]]","[[ 74 105]
 [  9 174]]"
0.4,0.7472527472527473,0.7647058823529411,0.8813559322033898,0.5,0.8188976377952756,52,16,16,7,"[[16 16]
 [ 7 52]]","[[112  67]
 [ 24 159]]"
0.5,0.7362637362637363,0.7966101694915254,0.7966101694915254,0.625,0.7966101694915254,47,12,20,12,"[[20 12]
 [12 47]]","[[138  41]
 [ 44 139]]"
0.6,0.6263736263736264,0.8571428571428571,0.5084745762711864,0.84375,0.6382978723404255,30,5,27,29,"[[27  5]
 [29 30]]","[[157  22]
 [ 68 115]]"
0.7,0.4945054945054945,1.0,0.22033898305084745,1.0,0.3611111111111111,13,0,32,46,"[[32  0]
 [46 13]]","[[171   8]
 [ 96  87]]"
