Feature,Coefficient,Abs_Coefficient
total_yards_adj_avg,0.21458346766124733,0.21458346766124733
Pass_TD_adj_avg,0.20683958778969166,0.20683958778969166
W-L%_avg,0.15028202625696027,0.15028202625696027
Pass_ANY/A_adj_avg,0.13805785611596985,0.13805785611596985
Pts_adj_avg,0.12700620761609924,0.12700620761609924
Rush_Rushing_Succ%_adj_avg,0.059644442371930964,0.059644442371930964
