Feature,Coefficient,Abs_Coefficient
total_yards_adj_avg,0.14545610788945684,0.14545610788945684
W-L%_avg,0.0797949914340319,0.0797949914340319
Pass_ANY/A_adj_avg,0.060239807439657955,0.060239807439657955
Rush_Rushing_Succ%_adj_avg,0.038585037923653705,0.038585037923653705
Pts_adj_avg,0.03254064984006037,0.03254064984006037
