Feature,Coefficient,Std_Error,Z_Statistic,P_Value_Bootstrap,CI_Lower_95,CI_Upper_95,Significant_95,Coefficient_Mean_Bootstrap,Coefficient_Std_Bootstrap
total_yards_adj_avg,0.3905203116389573,0.04253600712353771,9.180934884291457,0.0,0.3033192819783765,0.4693491707367555,True,0.3892027680383947,0.04253600712353771
W-L%_avg,0.2240877278076625,0.03446129551847065,6.502591514226602,0.0,0.15804984517667292,0.28999910220963165,True,0.22411399967072954,0.03446129551847065
Pass_ANY/A_adj_avg,0.21520172183999747,0.040582016171562416,5.302883940763857,0.0,0.12922052241439377,0.2873911967343318,True,0.21269174183348935,0.040582016171562416
Pts_adj_avg,0.18117283350714705,0.037009911108941196,4.8952517873888555,0.0,0.10503778154627835,0.2501438102538297,True,0.18170061516413857,0.037009911108941196
Rush_Rushing_Succ%_adj_avg,0.10351898131296368,0.04266319140172889,2.42642376043084,0.016,0.02129903317634122,0.1863671997309349,True,0.10500276450586829,0.04266319140172889
