threshold,test_accuracy,test_precision,test_recall,test_specificity,test_f1_score,test_tp,test_fp,test_tn,test_fn,confusion_matrix_test,confusion_matrix_train
0.3,0.4945054945054945,0.4375,0.9722222222222222,0.18181818181818182,0.603448275862069,35,45,10,1,"[[10 45]
 [ 1 35]]","[[ 80 122]
 [ 10 150]]"
0.4,0.5824175824175825,0.4852941176470588,0.9166666666666666,0.36363636363636365,0.6346153846153846,33,35,20,3,"[[20 35]
 [ 3 33]]","[[113  89]
 [ 22 138]]"
0.5,0.5934065934065934,0.49019607843137253,0.6944444444444444,0.5272727272727272,0.5747126436781609,25,26,29,11,"[[29 26]
 [11 25]]","[[148  54]
 [ 48 112]]"
0.6,0.5824175824175825,0.45,0.25,0.8,0.32142857142857145,9,11,44,27,"[[44 11]
 [27  9]]","[[187  15]
 [ 94  66]]"
0.7,0.6043956043956044,0.5,0.027777777777777776,0.9818181818181818,0.05263157894736842,1,1,54,35,"[[54  1]
 [35  1]]","[[200   2]
 [133  27]]"
