Feature,Coefficient,Std_Error,Z_Statistic,P_Value_Bootstrap,CI_Lower_95,CI_Upper_95,Significant_95,Coefficient_Mean_Bootstrap,Coefficient_Std_Bootstrap
total_yards_adj_avg,0.3905203116389573,0.04192087364051263,9.315652984425297,0.0,0.30292801649002093,0.4654657609826874,True,0.38762854804909624,0.04192087364051263
W-L%_avg,0.2240877278076625,0.035429432770455384,6.324903061799209,0.0,0.1534774894466419,0.2936281350181673,True,0.22441564384814444,0.035429432770455384
Pass_ANY/A_adj_avg,0.21520172183999747,0.042815520350449485,5.026254967323742,0.0,0.127377548480095,0.2910716782506847,True,0.2139354790086668,0.042815520350449485
Pts_adj_avg,0.18117283350714705,0.037782306906334974,4.79517658771571,0.0,0.11091783843088322,0.25477786465765423,True,0.18488704997579058,0.037782306906334974
Rush_Rushing_Succ%_adj_avg,0.10351898131296368,0.0439803983715783,2.3537526976986487,0.032,0.013123578450011884,0.1879967322233618,True,0.10256231399013781,0.0439803983715783
