Feature,Coefficient,Abs_Coefficient
total_yards_adj_avg,0.12313155616579655,0.12313155616579655
Pass_ANY/A_adj_avg,0.09909119803351206,0.09909119803351206
Rush_Rushing_Succ%_adj_avg,0.07425622162320152,0.07425622162320152
