Feature,Coefficient,Std_Error,Z_Statistic,P_Value_Bootstrap,CI_Lower_95,CI_Upper_95,Significant_95,Coefficient_Mean_Bootstrap,Coefficient_Std_Bootstrap
total_yards_adj_avg,0.34765645475426576,0.04299402777386209,8.08615690957945,0.0,0.26102200145774945,0.42908439887776684,True,0.3465933422098105,0.04299402777386209
Pass_ANY/A_adj_avg,0.29336977708001205,0.04360137556037968,6.728452332283652,0.0,0.2056119087966152,0.37535120051066123,True,0.2918966092588121,0.04360137556037968
Rush_Rushing_Succ%_adj_avg,0.19035878492910188,0.04384112332378167,4.342014312070364,0.0,0.10328502230983395,0.27662424392784385,True,0.1907003199609846,0.04384112332378167
