Feature,Coefficient,Std_Error,T_Statistic,P_Value_Bootstrap,CI_Lower_95,CI_Upper_95,Significant_95,Coefficient_Mean_Bootstrap,Coefficient_Std_Bootstrap
Pass_ANY/A_adj_avg,0.26116907981214244,0.16625781854218946,1.5708679573819162,0.104,-0.03239527627256804,0.5964431938390855,False,0.26725667566263916,0.16625781854218946
total_yards_adj_avg,0.2089398623945841,0.1344464027115868,1.5540755139637314,0.122,-0.057044891196248136,0.47047337340908046,False,0.20909823203424138,0.1344464027115868
Rush_Rushing_Succ%_adj_avg,0.005051703928391156,0.13282529443338928,0.03803269512739188,0.886,-0.234077231211844,0.28379415270987146,False,0.016846973204428732,0.13282529443338928
