Feature,Coefficient,Abs_Coefficient
Pass_ANY/A_adj_avg,0.26116907981214244,0.26116907981214244
total_yards_adj_avg,0.2089398623945841,0.2089398623945841
Rush_Rushing_Succ%_adj_avg,0.005051703928391156,0.005051703928391156
