Feature,Coefficient,Std_Error,T_Statistic,P_Value_Bootstrap,CI_Lower_95,CI_Upper_95,Significant_95,Coefficient_Mean_Bootstrap,Coefficient_Std_Bootstrap
Pass_ANY/A,1.2416643408748727,0.2725787863039357,4.555249356383771,0.0,0.6967608187166677,1.7850001315598705,True,1.2467844575167013,0.2725787863039357
Pass_TD,0.5110775785279391,0.2238557706616362,2.283066355704746,0.024,0.08925284961099654,0.9479491231423542,True,0.5068784043958356,0.2238557706616362
Rush_Rushing_Succ%,-0.2733403475870932,0.15781085377250154,-1.7320757162947598,0.064,-0.5673672770478833,0.02907353187610456,False,-0.2743938190788551,0.15781085377250154
Pass_Sk%,-0.02553631577804396,0.1605336662721453,-0.1590714045909437,0.888,-0.3336549770327246,0.27723189919764246,False,-0.02282241543507778,0.1605336662721453
Pass_Int%,-0.013938624968807701,0.1842977788983727,-0.07563099811687841,0.938,-0.3625889399926526,0.3436766123175225,False,-0.014052874396697997,0.1842977788983727
