Feature,Coefficient,Std_Error,Z_Statistic,P_Value_Bootstrap,CI_Lower_95,CI_Upper_95,Significant_95,Coefficient_Mean_Bootstrap,Coefficient_Std_Bootstrap
total_yards_adj_avg,0.30805616013632114,0.04381624381699536,7.03063825879189,0.0,0.22505380420399343,0.391006678744952,True,0.30960034334545,0.04381624381699536
W-L%_avg,0.23010793016079928,0.03510502192925893,6.554843652412352,0.0,0.16124584408812054,0.3016098225061466,True,0.2296544256325322,0.03510502192925893
Pass_ANY/A_adj_avg,0.2353337052691997,0.041586729474601514,5.658865417943633,0.0,0.14627775935620593,0.3084891398936383,True,0.2311290058373616,0.041586729474601514
Rush_Rushing_Succ%_adj_avg,0.20620434685479988,0.04296195481086636,4.799696563217013,0.0,0.11804204332050965,0.2866166566586628,True,0.2045505166331099,0.04296195481086636
Pts_adj_avg,0.14875362566848874,0.03675865402424535,4.046764758317144,0.0,0.07932767472789862,0.22066724544358124,True,0.15089644063402488,0.03675865402424535
