threshold,test_accuracy,test_precision,test_recall,test_specificity,test_f1_score,test_tp,test_fp,test_tn,test_fn,confusion_matrix_test,confusion_matrix_train
0.3,0.5274725274725275,0.45454545454545453,0.9722222222222222,0.23636363636363636,0.6194690265486725,35,42,13,1,"[[13 42]
 [ 1 35]]","[[ 93 109]
 [ 12 148]]"
0.4,0.5714285714285714,0.47761194029850745,0.8888888888888888,0.36363636363636365,0.6213592233009708,32,35,20,4,"[[20 35]
 [ 4 32]]","[[127  75]
 [ 29 131]]"
0.5,0.6483516483516484,0.5434782608695652,0.6944444444444444,0.6181818181818182,0.6097560975609756,25,21,34,11,"[[34 21]
 [11 25]]","[[161  41]
 [ 56 104]]"
0.6,0.6483516483516484,0.6,0.3333333333333333,0.8545454545454545,0.42857142857142855,12,8,47,24,"[[47  8]
 [24 12]]","[[188  14]
 [ 74  86]]"
0.7,0.6263736263736264,0.75,0.08333333333333333,0.9818181818181818,0.15,3,1,54,33,"[[54  1]
 [33  3]]","[[195   7]
 [117  43]]"
