threshold,test_accuracy,test_precision,test_recall,test_specificity,test_f1_score,test_tp,test_fp,test_tn,test_fn,confusion_matrix_test,confusion_matrix_train
0.3,0.5384615384615384,0.4605263157894737,0.9722222222222222,0.2545454545454545,0.625,35,41,14,1,"[[14 41]
 [ 1 35]]","[[ 91 111]
 [ 14 146]]"
0.4,0.5714285714285714,0.4782608695652174,0.9166666666666666,0.34545454545454546,0.6285714285714286,33,36,19,3,"[[19 36]
 [ 3 33]]","[[128  74]
 [ 30 130]]"
0.5,0.6263736263736264,0.5227272727272727,0.6388888888888888,0.6181818181818182,0.575,23,21,34,13,"[[34 21]
 [13 23]]","[[157  45]
 [ 57 103]]"
0.6,0.6263736263736264,0.5555555555555556,0.2777777777777778,0.8545454545454545,0.3703703703703704,10,8,47,26,"[[47  8]
 [26 10]]","[[187  15]
 [ 74  86]]"
0.7,0.6153846153846154,0.6666666666666666,0.05555555555555555,0.9818181818181818,0.10256410256410256,2,1,54,34,"[[54  1]
 [34  2]]","[[196   6]
 [118  42]]"
