Feature,Coefficient,Abs_Coefficient
total_yards_adj_avg,0.17531963783795104,0.17531963783795104
Pass_TD_adj_avg,0.16161646648945235,0.16161646648945235
W-L%_avg,0.1524080813897632,0.1524080813897632
Pass_ANY/A_adj_avg,0.1472187921795806,0.1472187921795806
Rush_Rushing_Succ%_adj_avg,0.12416604784539889,0.12416604784539889
Pts_adj_avg,0.1092556101144104,0.1092556101144104
