Feature,Coefficient,Abs_Coefficient
total_yards_adj_avg,0.10575615471423729,0.10575615471423729
W-L%_avg,0.09026597765798774,0.09026597765798774
Rush_Rushing_Succ%_adj_avg,0.08319429740238521,0.08319429740238521
Pass_ANY/A_adj_avg,0.07734183473552492,0.07734183473552492
Pts_adj_avg,0.018917624184341526,0.018917624184341526
