Feature,Coefficient,Abs_Coefficient
W-L%_avg,0.0880758281473382,0.0880758281473382
Rush_Rushing_Succ%_adj_avg,0.08226121804673699,0.08226121804673699
total_yards_adj_avg,0.07777952385627576,0.07777952385627576
Pass_ANY/A_adj_avg,0.07205464529955144,0.07205464529955144
Pass_TD_adj_avg,0.04341551441369897,0.04341551441369897
Pts_adj_avg,0.012856497628834406,0.012856497628834406
