Adjustment_Type,Model,Accuracy,ROC_AUC,Variable,Coefficient,Std_Error,T_Statistic,P_Value,Significant_95%,CI_Lower_95%,CI_Upper_95%
ERA-ADJUSTED,Payment_Prediction,0.7061855670103093,0.7943643162393161,total_yards_adj_avg,0.7807421743289252,0.30738531299042693,2.539946253382788,0.01138912992525798,True,0.17748203533318396,1.413467181401698
ERA-ADJUSTED,Payment_Prediction,0.7061855670103093,0.7943643162393161,Rush_Rushing_Succ%_adj_avg,0.7122675655951884,0.13970408031438733,5.098402018627339,4.871508463288876e-07,True,0.44781263531173604,0.9905167250494102
ERA-ADJUSTED,Payment_Prediction,0.7061855670103093,0.7943643162393161,W-L%_avg,0.6628836541270616,0.16910020296870754,3.9200642110271366,0.00010089318672856784,True,0.3440420052896253,1.0025951882487132
ERA-ADJUSTED,Payment_Prediction,0.7061855670103093,0.7943643162393161,Pass_TD_adj_avg,-0.34376860363120576,0.3207125710292695,-1.0718900179707738,0.28428756325960114,False,-0.9587243673917999,0.27576204713671437
ERA-ADJUSTED,Payment_Prediction,0.7061855670103093,0.7943643162393161,Pass_ANY/A_adj_avg,0.31425375260449406,0.3985664489968377,0.7884601258249447,0.4308020226535094,False,-0.351386332366914,1.1825877110094585
ERA-ADJUSTED,Payment_Prediction,0.7061855670103093,0.7943643162393161,Pass_Cmp%_adj_avg,0.3048725373457091,0.23901711397053446,1.2755259744946155,0.20271660931208202,False,-0.14116599244370914,0.7904174748404813
ERA-ADJUSTED,Payment_Prediction,0.7061855670103093,0.7943643162393161,Pass_QBR_adj_avg,0.21138068963626158,0.22729802175884448,0.9299715321215254,0.3528354866711627,False,-0.25180073804478315,0.6648541679748514
ERA-ADJUSTED,Payment_Prediction,0.7061855670103093,0.7943643162393161,Pass_Rate_adj_avg,-0.15335396780285868,0.37520656749076825,-0.4087187726684981,0.6829214009057778,False,-0.9255640419744269,0.6201658700248135
ERA-ADJUSTED,Payment_Prediction,0.7061855670103093,0.7943643162393161,Pts_adj_avg,-0.03567038581135751,0.1959032055274186,-0.18208168517261406,0.8555925650547849,False,-0.40257039905328357,0.32365410534864203
