Model,Model_Type,Variable,Coefficient,Std_Error,T_Statistic,P_Value,Significant_95%,CI_Lower_95%,CI_Upper_95%
Payment_Prediction,Logistic_Regression,W-L%_avg,0.7878780897449899,0.17786028685913677,4.429758341309795,1.1602700500157326e-05,True,0.4410825580872135,1.151113252330819
Payment_Prediction,Logistic_Regression,total_yards_adj_avg,0.7825284159426146,0.30316420034130354,2.581203238388703,0.01012994263543332,True,0.22131152833663362,1.3665084167178534
Payment_Prediction,Logistic_Regression,Rush_Rushing_Succ%_adj_avg,0.7501981875217165,0.13784764219104484,5.44222719412048,8.262727879682075e-08,True,0.48581277941060297,1.0400122152014142
Payment_Prediction,Logistic_Regression,Pass_TD_adj_avg,-0.37941810072013654,0.3335266666814831,-1.1375944969603289,0.25583577457804174,False,-1.0239457254898399,0.2336078763395776
Payment_Prediction,Logistic_Regression,Pass_Rate_adj_avg,0.3612594141646112,0.34763716543109574,1.0391852482536048,0.29922185231920584,False,-0.32383800039411015,1.0254392932312797
Payment_Prediction,Logistic_Regression,Pass_Cmp%_adj_avg,0.3096520388111045,0.22635454513710201,1.3679956746030875,0.17192913160169132,False,-0.08586119354540254,0.8263216697989508
Payment_Prediction,Logistic_Regression,Pts_adj_avg,-0.2374799636767618,0.21596313886881358,-1.0996319316837462,0.2720227457797839,False,-0.6338235748335389,0.174818052155121
Payment_Prediction,Logistic_Regression,Pass_QBR_adj_avg,0.16419219283868047,0.21529906314399513,0.7626238143572597,0.44604812173009156,False,-0.26046770224592763,0.5921152165023905
Payment_Prediction,Logistic_Regression,Pass_ANY/A_adj_avg,-0.06982953692800374,0.30069528993052314,-0.2322269062508942,0.8164569900782568,False,-0.6366741298917254,0.6759026929132561
