Adjustment_Type,Model,Accuracy,ROC_AUC,Variable,Coefficient,Std_Error,T_Statistic,P_Value,Significant_95%,CI_Lower_95%,CI_Upper_95%
RAW,Payment_Prediction,0.75,0.8012019230769231,W-L%_avg,0.8287902063869422,0.18782091963792177,4.412661845887055,1.2520621296197021e-05,True,0.45946512528351496,1.2051506617584906
RAW,Payment_Prediction,0.75,0.8012019230769231,Rush_Rushing_Succ%_avg,0.7473434134726769,0.1505855725997186,4.962915105837848,9.54414083764732e-07,True,0.4688230547625422,1.0612787131090895
RAW,Payment_Prediction,0.75,0.8012019230769231,total_yards_avg,0.7189286641416297,0.3107498326085768,2.313528724618319,0.021099127452008037,True,0.11146892476041065,1.3639632074435022
RAW,Payment_Prediction,0.75,0.8012019230769231,Pass_TD_avg,-0.31345526330694584,0.34336276482256795,-0.9128982386241951,0.3617369076060011,False,-0.9953074079461874,0.37267333550538256
RAW,Payment_Prediction,0.75,0.8012019230769231,Pts_adj_avg,-0.26656718320430683,0.22701275855675007,-1.174238773105102,0.24085948740501295,False,-0.7269318948278504,0.15923114073628558
RAW,Payment_Prediction,0.75,0.8012019230769231,Pass_Cmp%_avg,0.2627837622816301,0.23050244645861118,1.1400476055893427,0.25481337696508266,False,-0.1757462266446773,0.7367397127707715
RAW,Payment_Prediction,0.75,0.8012019230769231,Pass_QBR_avg,0.2079867278331368,0.24491191492347383,0.8492307440950845,0.39616013685603635,False,-0.21735825492028443,0.6910066481351537
RAW,Payment_Prediction,0.75,0.8012019230769231,Pass_Rate_avg,0.16753384501327365,0.3516759395421035,0.47638699759719383,0.6340072181984877,False,-0.5070115971187732,0.7982396511201263
RAW,Payment_Prediction,0.75,0.8012019230769231,Pass_ANY/A_avg,0.055950531186818475,0.3090987716616521,0.18101181983978332,0.8564317940187081,False,-0.4940275761067998,0.7436317290895293
