Adjustment_Type,Model,R_Squared,RMSE,Variable,Coefficient,Std_Error,T_Statistic,P_Value,Significant_95%,CI_Lower_95%,CI_Upper_95%
ERA-ADJUSTED,Wins_Prediction,0.42443370644647616,2.265594259325144,Pass_QBR_adj,0.7787226097969798,0.10122704445905743,7.692831626064722,7.749356711883593e-14,True,0.5826407653060531,0.9834373724325469
ERA-ADJUSTED,Wins_Prediction,0.42443370644647616,2.265594259325144,Pass_ANY/A_adj,0.40597620993536704,0.0951343463716964,4.267398946774179,2.3671807977354575e-05,True,0.23472439831005723,0.5913868111350028
ERA-ADJUSTED,Wins_Prediction,0.42443370644647616,2.265594259325144,Pass_TD_adj,0.38541904127649135,0.09250533912582704,4.166451844856153,3.646296194959042e-05,True,0.21907695869623722,0.5708127101559533
ERA-ADJUSTED,Wins_Prediction,0.42443370644647616,2.265594259325144,Pass_Rate_adj,0.29717207650662647,0.07085557256754992,4.194053697102132,3.2428490228442186e-05,True,0.16772048001990275,0.44576667354818317
ERA-ADJUSTED,Wins_Prediction,0.42443370644647616,2.265594259325144,Rush_Rushing_Succ%_adj,-0.26024403966879317,0.09799545939204639,-2.6556744671411576,0.008168169574462647,True,-0.4364312368270133,-0.07894686860549388
ERA-ADJUSTED,Wins_Prediction,0.42443370644647616,2.265594259325144,Pass_Cmp%_adj,-0.14289196986529268,0.09436206009164644,-1.51429472369598,0.13058423026985055,False,-0.32137662814229323,0.04878100945685359
ERA-ADJUSTED,Wins_Prediction,0.42443370644647616,2.265594259325144,total_yards_adj,0.10082336105316501,0.10213528609657734,0.9871550255326325,0.32404505137175654,False,-0.08852409300937959,0.2921294143483817
