Adjustment_Type,Model,Accuracy,ROC_AUC,Variable,Coefficient,Std_Error,T_Statistic,P_Value,Significant_95%,CI_Lower_95%,CI_Upper_95%
ERA-ADJUSTED,Payment_Prediction,0.7216494845360825,0.7959134615384614,Rush_Rushing_Succ%_adj_avg,0.7173923665945147,0.13943838868117756,5.144869880276138,3.854588606078124e-07,True,0.4636584680201622,0.9879686737101613
ERA-ADJUSTED,Payment_Prediction,0.7216494845360825,0.7959134615384614,W-L%_avg,0.7162424886935387,0.17978407475160277,3.9839039652691093,7.789526115442591e-05,True,0.36799487583948154,1.079643919549344
ERA-ADJUSTED,Payment_Prediction,0.7216494845360825,0.7959134615384614,total_yards_adj_avg,0.7136810873733513,0.31456148886833873,2.268812656355352,0.02370595897888883,True,0.08043991027549327,1.3241435715209335
ERA-ADJUSTED,Payment_Prediction,0.7216494845360825,0.7959134615384614,Pass_ANY/A_adj_avg,0.3876856303065493,0.4092962344788972,0.9472005788311688,0.34399503941931675,False,-0.25464834300376415,1.2736614574547047
ERA-ADJUSTED,Payment_Prediction,0.7216494845360825,0.7959134615384614,Pass_Cmp%_adj_avg,0.32696899957416636,0.2399470249756024,1.3626716124992384,0.17360067856658334,False,-0.10690795565697023,0.8017862838985879
ERA-ADJUSTED,Payment_Prediction,0.7216494845360825,0.7959134615384614,Pass_TD_adj_avg,-0.27060286462218863,0.3325318342731603,-0.8137652899677681,0.4161675572493484,False,-0.9273378972918296,0.37616952377406176
ERA-ADJUSTED,Payment_Prediction,0.7216494845360825,0.7959134615384614,Pass_QBR_adj_avg,0.21443018711023132,0.23682110595404968,0.9054521815352552,0.36566285024069156,False,-0.2273554227605605,0.6354816635384763
ERA-ADJUSTED,Payment_Prediction,0.7216494845360825,0.7959134615384614,Pass_Rate_adj_avg,-0.2066130681658461,0.3630434716613372,-0.5691138506456119,0.5695349470767181,False,-0.9028084319701788,0.5253636631457864
ERA-ADJUSTED,Payment_Prediction,0.7216494845360825,0.7959134615384614,Pts_adj_avg,-0.15355255997706338,0.20981571186504658,-0.7318449058888586,0.46460679588646725,False,-0.5326700198469958,0.26541138944036086
