Adjustment_Type,Model,Accuracy,ROC_AUC,Variable,Coefficient,Std_Error,T_Statistic,P_Value,Significant_95%,CI_Lower_95%,CI_Upper_95%
RAW,Payment_Prediction,0.75,0.8006944444444445,W-L%_avg,0.8677904912647594,0.19897317456714056,4.361344149614509,1.5712085545516175e-05,True,0.5109621701058771,1.2993819753664906
RAW,Payment_Prediction,0.75,0.8006944444444445,total_yards_avg,0.7386819763733372,0.3067774804034479,2.407875490603474,0.01640745993036785,True,0.1732966079333292,1.3893826237943117
RAW,Payment_Prediction,0.75,0.8006944444444445,Rush_Rushing_Succ%_avg,0.7272185078031271,0.13601025808428482,5.3467916134516456,1.3651971775274774e-07,True,0.47626745638906165,1.009698414811153
RAW,Payment_Prediction,0.75,0.8006944444444445,Pass_TD_avg,-0.31215338989358893,0.33438946885232196,-0.9335024541041885,0.3510120778701502,False,-0.9780916278604422,0.3027701243847932
RAW,Payment_Prediction,0.75,0.8006944444444445,Pts_adj_avg,-0.2731073224024235,0.21629256965309263,-1.2626754710722952,0.20729557044171987,False,-0.7086009571654271,0.14863349799382078
RAW,Payment_Prediction,0.75,0.8006944444444445,Pass_Cmp%_avg,0.2659013021923275,0.23565201158422217,1.128364236281759,0.25970832912631403,False,-0.14777746866438748,0.7589702819760668
RAW,Payment_Prediction,0.75,0.8006944444444445,Pass_QBR_avg,0.1791818877287289,0.239841122572114,0.7470857613257916,0.4553636660342244,False,-0.2533854365879348,0.6194457490204988
RAW,Payment_Prediction,0.75,0.8006944444444445,Pass_Rate_avg,0.1265599260980994,0.3529047420769184,0.3586234781584553,0.720028455611984,False,-0.578754629234262,0.8028242398068739
RAW,Payment_Prediction,0.75,0.8006944444444445,Pass_ANY/A_avg,0.058000999893610766,0.3091442724646768,0.1876179021931459,0.8512524560920629,False,-0.5005925751698835,0.7843853269535697
