Adjustment_Type,Model,R_Squared,RMSE,Alpha,Variable,Coefficient,Std_Error,T_Statistic,P_Value,Significant_95%,CI_Lower_95%,CI_Upper_95%
ERA-ADJUSTED,Wins_Prediction,0.42443370644647616,2.265594259325144,100.0,Pass_QBR_adj,0.7751160279487418,0.10117304830170898,7.661289643770869,9.636735853746359e-14,True,0.5675803954205982,0.964394189595743
ERA-ADJUSTED,Wins_Prediction,0.42443370644647616,2.265594259325144,100.0,Pass_ANY/A_adj,0.4148396052903226,0.09191559937937265,4.513266601535024,7.970732434525729e-06,True,0.2404703843454885,0.6014090654259157
ERA-ADJUSTED,Wins_Prediction,0.42443370644647616,2.265594259325144,100.0,Pass_TD_adj,0.3859422836168103,0.08372368248515194,4.609714619567578,5.128456836311912e-06,True,0.22733316754903052,0.5460319938599204
ERA-ADJUSTED,Wins_Prediction,0.42443370644647616,2.265594259325144,100.0,Pass_Rate_adj,0.29217393117441004,0.06845266362775945,4.26826240592191,2.3583611054700526e-05,True,0.15563961877354676,0.4283981109337438
ERA-ADJUSTED,Wins_Prediction,0.42443370644647616,2.265594259325144,100.0,Rush_Rushing_Succ%_adj,-0.24842130425647024,0.10299640377885909,-2.4119415329165768,0.01622775982847724,True,-0.4295258959528044,-0.03306411762973361
ERA-ADJUSTED,Wins_Prediction,0.42443370644647616,2.265594259325144,100.0,Pass_Cmp%_adj,-0.14490851455410525,0.0918766174031178,-1.5772077650680583,0.11538143576688475,False,-0.323553613143041,0.036290959283796984
ERA-ADJUSTED,Wins_Prediction,0.42443370644647616,2.265594259325144,100.0,total_yards_adj,0.10924957173390235,0.10400675614631696,1.0504084126532025,0.2940388143793382,False,-0.09416099170865294,0.3009397845832072
