Feature,Coefficient,Abs_Coefficient
total_yards_adj_avg,0.23550617031224286,0.23550617031224286
W-L%_avg,0.21866118992057842,0.21866118992057842
Pass_ANY/A_adj_avg,0.21147287680410903,0.21147287680410903
Rush_Rushing_Succ%_adj_avg,0.20312566060444132,0.20312566060444132
Pass_TD_adj_avg,0.2027024163440942,0.2027024163440942
Pts_adj_avg,0.12607934607379195,0.12607934607379195
