Feature,Coefficient,Abs_Coefficient
total_yards_avg,0.1035578367515693,0.1035578367515693
W_avg,0.09132291245394511,0.09132291245394511
Rush_Rushing_Succ%_avg,0.09092059215709784,0.09092059215709784
Pass_ANY/A_avg,0.07638620449092905,0.07638620449092905
Pts_avg,0.018761411782082828,0.018761411782082828
